ACCEPT_ALTERNATE_ID	ConfigServer
ACCEPT_CLAN_DAYS_WHEN_DISMISSED	ConfigClans
ACCEPT_NEW_GAMESERVER	ConfigLogin
ACP_PERIOD	ConfigProject
ACTION_TIME	ConfigServer
ALLOW_BOAT	ConfigServer
ALLOW_CTF_DLG	ConfigEvents
ALLOW_CURSED_WEAPONS	ConfigServer
ALLOW_DELEVEL	ConfigPlayers
ALLOW_DISCARDITEM	ConfigServer
ALLOW_DM_DLG	ConfigEvents
ALLOW_ENTIRE_TREE	ConfigNpcs
ALLOW_FISH_CHAMPIONSHIP	ConfigEvents
ALLOW_FREIGHT	ConfigServer
ALLOW_GRAND_BOSSES_TELEPORT	ConfigProject
ALLOW_GUARD_SYSTEM	ConfigProtection
ALLOW_LM_DLG	ConfigEvents
ALLOW_LOTTERY	ConfigServer
ALLOW_MANOR	ConfigServer
ALLOW_SHADOW_WEAPONS	ConfigServer
ALLOW_TVT_DLG	ConfigEvents
ALLOW_WAREHOUSE	ConfigServer
ALLOW_WATER	ConfigServer
ALLOW_WEAR	ConfigServer
ALLY_JOIN_DAYS_WHEN_DISMISSED	ConfigClans
ALLY_JOIN_DAYS_WHEN_LEAVED	ConfigClans
ALTERNATE_CLASS_MASTER	ConfigNpcs
ALTERNATE_DROP_LIST	ConfigProject
ANNOUNCE_DIE_GRANDBOSS	ConfigProject
ANNOUNCE_DIE_RAIDBOSS	ConfigProject
ANNOUNCE_DONATOR_ITEM_GLOBAL	ConfigDonation
ANNOUNCE_MAMMON_SPAWN	ConfigNpcs
ANNOUNCE_SPAWN_GRANDBOSS	ConfigProject
ANNOUNCE_SPAWN_RAIDBOSS	ConfigProject
ANTIFEED_DISCONNECTED_AS_DUALBOX	ConfigProject
ANTIFEED_DUALBOX	ConfigProject
ANTIFEED_ENABLE	ConfigProject
ANTIFEED_INTERVAL	ConfigProject
ATTACK_PTS	ConfigProject
ATTACK_USE_PATHFINDER	ConfigGeoengine
AUCTION_FEE	ConfigProject
AUCTION_ITEM_FEE	ConfigProject
AUCTION_ITEM_FEE_NAME	ConfigProject
AUCTION_LIMIT_ITEM	ConfigProject
AUGMENTATION_BASESTAT_CHANCE	ConfigPlayers
AUGMENTATION_HIGH_GLOW_CHANCE	ConfigPlayers
AUGMENTATION_HIGH_SKILL_CHANCE	ConfigPlayers
AUGMENTATION_MID_GLOW_CHANCE	ConfigPlayers
AUGMENTATION_MID_SKILL_CHANCE	ConfigPlayers
AUGMENTATION_NG_GLOW_CHANCE	ConfigPlayers
AUGMENTATION_NG_SKILL_CHANCE	ConfigPlayers
AUGMENTATION_TOP_GLOW_CHANCE	ConfigPlayers
AUGMENTATION_TOP_SKILL_CHANCE	ConfigPlayers
AUTOFARM_ALLOW_DUALBOX	ConfigProject
AUTOFARM_CHANGE_PLAYER_NAME_COLOR	ConfigProject
AUTOFARM_CHANGE_PLAYER_TITLE	ConfigProject
AUTOFARM_DEBUFF_CHANCE	ConfigProject
AUTOFARM_DEBUG_RETURN	ConfigProject
AUTOFARM_DISABLE_TOWN	ConfigProject
AUTOFARM_ENABLED	ConfigProject
AUTOFARM_HP_HEAL_RATE	ConfigProject
AUTOFARM_HP_POTIONS	ConfigProject
AUTOFARM_MAX_LEVEL_DIFFERENCE	ConfigProject
AUTOFARM_MAX_OPEN_RADIUS	ConfigProject
AUTOFARM_MAX_ROUTES	ConfigProject
AUTOFARM_MAX_ROUTE_NODES	ConfigProject
AUTOFARM_MAX_ROUTE_PERIMITER	ConfigProject
AUTOFARM_MAX_TIMER	ConfigProject
AUTOFARM_MAX_ZONES	ConfigProject
AUTOFARM_MAX_ZONE_AREA	ConfigProject
AUTOFARM_MAX_ZONE_NODES	ConfigProject
AUTOFARM_MP_HEAL_RATE	ConfigProject
AUTOFARM_MP_POTIONS	ConfigProject
AUTOFARM_PLAYER_NAME_COLOR	ConfigProject
AUTOFARM_SEND_LOG_MESSAGES	ConfigProject
AUTO_CP_ENABLED	ConfigProject
AUTO_CP_ITEM_IDS	ConfigProject
AUTO_CREATE_ACCOUNTS	ConfigLogin
AUTO_HP_ENABLED	ConfigProject
AUTO_HP_ITEM_IDS	ConfigProject
AUTO_LEARN_SKILLS	ConfigPlayers
AUTO_LOOT	ConfigServer
AUTO_LOOT_HERBS	ConfigServer
AUTO_LOOT_ITEM_IDS	ConfigProject
AUTO_LOOT_RAID	ConfigServer
AUTO_MP_ENABLED	ConfigProject
AUTO_MP_ITEM_IDS	ConfigProject
AUTO_POTIONS_ENABLED	ConfigProject
AUTO_POTIONS_IN_OLYMPIAD	ConfigProject
AUTO_POTION_MIN_LEVEL	ConfigProject
AWAY_PLAY_NAME_COLOR	ConfigProject
AWAY_PLAY_SET_NAME_COLOR	ConfigProject
BANKING_SYSTEM_ADENA	ConfigProject
BANKING_SYSTEM_GOLDBARS	ConfigProject
BARAKIEL	ConfigProject
BBS_DEFAULT	ConfigServer
BLOCKED_HEAL_SKILL_IDS	ConfigBossHeal
BLOCK_HEAL_ON_GRANDBOSS	ConfigBossHeal
BLOCK_HEAL_ON_RAIDBOSS	ConfigBossHeal
BOSS_TELEPORT_ITEM_COUNT	ConfigProject
BOSS_TELEPORT_ITEM_ID	ConfigProject
BOSS_TELEPORT_MAX_RANGE	ConfigProject
BOSS_TELEPORT_MIN_RANGE	ConfigProject
BOSS_ZERG_ANNOUNCE	ConfigBossZerg
BOSS_ZERG_ANNOUNCE_COOLDOWN_MS	ConfigBossZerg
BOSS_ZERG_AREA_RADIUS	ConfigBossZerg
BOSS_ZERG_CHECK_INTERVAL_MS	ConfigBossZerg
BOSS_ZERG_ENABLED	ConfigBossZerg
BOSS_ZERG_FLAG_AREA_COLOR	ConfigBossZerg
BOSS_ZERG_FLAG_AREA_ENABLED	ConfigBossZerg
BOSS_ZERG_FLAG_AREA_RADIUS	ConfigBossZerg
BOSS_ZERG_FLAG_ENABLED	ConfigBossZerg
BOSS_ZERG_FLAG_MIN_PLAYERS	ConfigBossZerg
BOSS_ZERG_FLAG_RANGE	ConfigBossZerg
BOSS_ZERG_FLAG_RENEW_MS	ConfigBossZerg
BOSS_ZERG_FLAG_WARNING_RANGE	ConfigBossZerg
BOSS_ZERG_HEAL_PENALTY_ENABLED	ConfigBossZerg
BOSS_ZERG_HEAL_PENALTY_MULTIPLIER	ConfigBossZerg
BOSS_ZERG_IGNORED_BOSS_IDS	ConfigBossZerg
BOSS_ZERG_MAX_ALLY_MEMBERS	ConfigBossZerg
BOSS_ZERG_MIN_PARTY_SIZE	ConfigBossZerg
BOSS_ZERG_PRAYER_REVERSE_MULTIPLIER	ConfigBossZerg
BOSS_ZERG_PRAYER_SKILL_IDS	ConfigBossZerg
BOSS_ZERG_RANGE	ConfigBossZerg
BOSS_ZERG_SHOW_ALLY_COUNT	ConfigBossZerg
BOSS_ZERG_SHOW_AREA	ConfigBossZerg
BOTS_LOGS	ConfigProject
BOTS_PREVENTION	ConfigProject
BOUNDARY_BUFFER	ConfigGeoengine
BOUNDARY_CELL_PENALTY	ConfigGeoengine
BUFFER_MAX_SCHEMES	ConfigNpcs
BUFFER_STATIC_BUFF_COST	ConfigNpcs
BUFFS_CATEGORY	ConfigProject
CABAL_BUFFER	ConfigProject
CANCEL_RETURN_ENABLED	ConfigProject
CANCEL_RETURN_MASS_MIN_COUNT	ConfigProject
CANCEL_RETURN_MASS_ONLY	ConfigProject
CANCEL_RETURN_MESSAGE	ConfigProject
CANCEL_RETURN_MODE	ConfigProject
CANCEL_RETURN_NOTIFY	ConfigProject
CANCEL_RETURN_SKIP_OLYMPIAD	ConfigProject
CANCEL_RETURN_TIME_MS	ConfigProject
CATACOMBS_IN_ANY_PERIOD	ConfigProject
CHAMPION_ADENAS_REWARDS	ConfigNpcs
CHAMPION_ATK	ConfigNpcs
CHAMPION_AURA	ConfigNpcs
CHAMPION_FREQUENCY	ConfigNpcs
CHAMPION_HP	ConfigNpcs
CHAMPION_HP_REGEN	ConfigNpcs
CHAMPION_MATK	ConfigNpcs
CHAMPION_RATE_SP	ConfigNpcs
CHAMPION_RATE_XP	ConfigNpcs
CHAMPION_REWARD	ConfigNpcs
CHAMPION_REWARDS	ConfigNpcs
CHAMPION_REWARD_ID	ConfigNpcs
CHAMPION_REWARD_QTY	ConfigNpcs
CHAMPION_SEALSTONE_REWARDS	ConfigNpcs
CHAMPION_SPD_ATK	ConfigNpcs
CHAMPION_SPD_MATK	ConfigNpcs
CHAMPION_SPOIL_REWARDS	ConfigNpcs
CHAMP_MAX_LVL	ConfigNpcs
CHAMP_MIN_LVL	ConfigNpcs
CHARACTER_SELECT_TIME	ConfigServer
CHARSET	ConfigLanguage
CHAT_ALL_LEVEL	ConfigProject
CHAT_FILTER_CHARS	ConfigProject
CHAT_SHOUT_LEVEL	ConfigProject
CHAT_TELL_LEVEL	ConfigProject
CHAT_TRADE_LEVEL	ConfigProject
CH_MAX_ATTACKERS_NUMBER	ConfigSiege
CH_MINIMUM_CLAN_LEVEL	ConfigSiege
CLAN_ALLY_NAME_TEMPLATE	ConfigServer
CLAN_CREATE_DAYS	ConfigClans
CLAN_DISSOLVE_DAYS	ConfigClans
CLAN_JOIN_DAYS	ConfigClans
CLAN_MEMBERS_FOR_WAR	ConfigClans
CLAN_WAR_PENALTY_WHEN_ENDED	ConfigClans
CLASS_MASTER_SETTINGS	ConfigNpcs
CLASS_OVERLORD	ConfigProject
CLIENT_PACKETS	ConfigServer
CNAME_TEMPLATE	ConfigServer
COFFER_PRICE_AMOUNT	ConfigEvents
COFFER_PRICE_ID	ConfigEvents
COMMON_RECIPE_LIMIT	ConfigPlayers
COUNTRY_LOCALE_API_URL	ConfigLanguage
COUNTRY_LOCALE_AUTO_SET	ConfigLanguage
COUNTRY_LOCALE_ENABLE	ConfigLanguage
COUNTRY_LOCALE_NOTIFY	ConfigLanguage
COUNTRY_LOCALE_TIMEOUT_MS	ConfigLanguage
CP_REGEN_MULTIPLIER	ConfigPlayers
CREATE_ALLY_DAYS_WHEN_DISSOLVED	ConfigClans
CREATURE_COLLISION_AVOIDANCE_RADIUS	ConfigGeoengine
CREATURE_COLLISION_CHECK_RADIUS	ConfigGeoengine
CREATURE_COLLISION_PUSH_FORCE	ConfigGeoengine
CREATURE_SEE	ConfigProject
CS_EXPREG1_FEE	ConfigClans
CS_EXPREG2_FEE	ConfigClans
CS_EXPREG3_FEE	ConfigClans
CS_EXPREG4_FEE	ConfigClans
CS_EXPREG_FEE_RATIO	ConfigClans
CS_HPREG1_FEE	ConfigClans
CS_HPREG2_FEE	ConfigClans
CS_HPREG3_FEE	ConfigClans
CS_HPREG4_FEE	ConfigClans
CS_HPREG5_FEE	ConfigClans
CS_HPREG_FEE_RATIO	ConfigClans
CS_MPREG1_FEE	ConfigClans
CS_MPREG2_FEE	ConfigClans
CS_MPREG3_FEE	ConfigClans
CS_MPREG4_FEE	ConfigClans
CS_MPREG_FEE_RATIO	ConfigClans
CS_SUPPORT1_FEE	ConfigClans
CS_SUPPORT2_FEE	ConfigClans
CS_SUPPORT3_FEE	ConfigClans
CS_SUPPORT4_FEE	ConfigClans
CS_SUPPORT_FEE_RATIO	ConfigClans
CS_TELE1_FEE	ConfigClans
CS_TELE2_FEE	ConfigClans
CS_TELE_FEE_RATIO	ConfigClans
CTF_DOORS_IDS_TO_CLOSE	ConfigEvents
CTF_DOORS_IDS_TO_OPEN	ConfigEvents
CTF_EVENT_CAPTURE_SKILL	ConfigEvents
CTF_EVENT_EFFECTS_REMOVAL	ConfigEvents
CTF_EVENT_ENABLED	ConfigEvents
CTF_EVENT_FIGHTER_BUFFS	ConfigEvents
CTF_EVENT_INTERVAL	ConfigEvents
CTF_EVENT_MAGE_BUFFS	ConfigEvents
CTF_EVENT_MAX_LVL	ConfigEvents
CTF_EVENT_MAX_PARTICIPANTS_PER_IP	ConfigEvents
CTF_EVENT_MAX_PLAYERS_IN_TEAMS	ConfigEvents
CTF_EVENT_MIN_LVL	ConfigEvents
CTF_EVENT_MIN_PLAYERS_IN_TEAMS	ConfigEvents
CTF_EVENT_PARTICIPATION_FEE	ConfigEvents
CTF_EVENT_PARTICIPATION_NPC_COORDINATES	ConfigEvents
CTF_EVENT_PARTICIPATION_NPC_ID	ConfigEvents
CTF_EVENT_PARTICIPATION_TIME	ConfigEvents
CTF_EVENT_POTIONS_ALLOWED	ConfigEvents
CTF_EVENT_RESPAWN_TELEPORT_DELAY	ConfigEvents
CTF_EVENT_REWARDS	ConfigEvents
CTF_EVENT_RUNNING_TIME	ConfigEvents
CTF_EVENT_SCROLL_ALLOWED	ConfigEvents
CTF_EVENT_START_LEAVE_TELEPORT_DELAY	ConfigEvents
CTF_EVENT_SUMMON_BY_ITEM_ALLOWED	ConfigEvents
CTF_EVENT_TARGET_TEAM_MEMBERS_ALLOWED	ConfigEvents
CTF_EVENT_TEAM_1_COORDINATES	ConfigEvents
CTF_EVENT_TEAM_1_FLAG	ConfigEvents
CTF_EVENT_TEAM_1_FLAG_COORDINATES	ConfigEvents
CTF_EVENT_TEAM_1_HEADQUARTERS_ID	ConfigEvents
CTF_EVENT_TEAM_1_NAME	ConfigEvents
CTF_EVENT_TEAM_2_COORDINATES	ConfigEvents
CTF_EVENT_TEAM_2_FLAG	ConfigEvents
CTF_EVENT_TEAM_2_FLAG_COORDINATES	ConfigEvents
CTF_EVENT_TEAM_2_HEADQUARTERS_ID	ConfigEvents
CTF_EVENT_TEAM_2_NAME	ConfigEvents
CTF_NPC_LOC_NAME	ConfigEvents
CTF_REWARD_TEAM_TIE	ConfigEvents
CUSTOM_BUFFER_MANAGER_NPC	ConfigProject
CUSTOM_TIME_BUFF	ConfigProject
DATE_FORMAT	ConfigProject
DEATH_PENALTY_CHANCE	ConfigPlayers
DEBUG_MELEE_ATTACK	ConfigNpcs
DEEPBLUE_DROP_RULES	ConfigPlayers
DEEPL_AUTH_KEY	ConfigTranslator
DEEP_CONTEXT_STRING	ConfigTranslator
DEFAULT_ACCESS_LEVEL	ConfigPlayers
DEFAULT_LOCALE	ConfigLanguage
DEFAULT_SEE_RANGE	ConfigNpcs
DELETE_DAYS	ConfigServer
DEVELOPER	ConfigServer
DISABLE_ID_CLASSES_DM	ConfigEvents
DISABLE_ID_CLASSES_LM	ConfigEvents
DISABLE_ID_CLASSES_STRING_DM	ConfigEvents
DISABLE_ID_CLASSES_STRING_LM	ConfigEvents
DISABLE_ID_CLASSES_STRING_TVT	ConfigEvents
DISABLE_ID_CLASSES_TVT	ConfigEvents
DIVINE_SP_BOOK_NEEDED	ConfigPlayers
DM_DOORS_IDS_TO_CLOSE	ConfigEvents
DM_DOORS_IDS_TO_OPEN	ConfigEvents
DM_EVENT_EFFECTS_REMOVAL	ConfigEvents
DM_EVENT_ENABLED	ConfigEvents
DM_EVENT_FIGHTER_BUFFS	ConfigEvents
DM_EVENT_INTERVAL	ConfigEvents
DM_EVENT_MAGE_BUFFS	ConfigEvents
DM_EVENT_MAX_LVL	ConfigEvents
DM_EVENT_MAX_PARTICIPANTS_PER_IP	ConfigEvents
DM_EVENT_MAX_PLAYERS	ConfigEvents
DM_EVENT_MIN_LVL	ConfigEvents
DM_EVENT_MIN_PLAYERS	ConfigEvents
DM_EVENT_PARTICIPATION_FEE	ConfigEvents
DM_EVENT_PARTICIPATION_NPC_COORDINATES	ConfigEvents
DM_EVENT_PARTICIPATION_NPC_ID	ConfigEvents
DM_EVENT_PARTICIPATION_TIME	ConfigEvents
DM_EVENT_PLAYER_COORDINATES	ConfigEvents
DM_EVENT_POTIONS_ALLOWED	ConfigEvents
DM_EVENT_RESPAWN_TELEPORT_DELAY	ConfigEvents
DM_EVENT_REWARDS	ConfigEvents
DM_EVENT_RUNNING_TIME	ConfigEvents
DM_EVENT_SCROLL_ALLOWED	ConfigEvents
DM_EVENT_START_LEAVE_TELEPORT_DELAY	ConfigEvents
DM_EVENT_SUMMON_BY_ITEM_ALLOWED	ConfigEvents
DM_NPC_LOC_NAME	ConfigEvents
DM_REWARD_FIRST_PLAYERS	ConfigEvents
DM_REWARD_PLAYERS_TIE	ConfigEvents
DM_SHOW_TOP_RANK	ConfigEvents
DM_TOP_RANK	ConfigEvents
DONATE_CNAME_TEMPLATE	ConfigServer
DONATION_ALLOWED_EMAILS	ConfigDonation
DONATION_BINANCE_API_KEY	ConfigDonation
DONATION_BINANCE_CURRENCY_TASK_INTERVAL	ConfigDonation
DONATION_BINANCE_DROPDOWN	ConfigDonation
DONATION_BINANCE_EXPIRATION_TIME	ConfigDonation
DONATION_BINANCE_FIAT_CURRENCY	ConfigDonation
DONATION_BINANCE_MAIL	ConfigDonation
DONATION_BINANCE_PAY	ConfigDonation
DONATION_BINANCE_PAY_CURRENCY	ConfigDonation
DONATION_BINANCE_PRICE	ConfigDonation
DONATION_BINANCE_SECRET_KEY	ConfigDonation
DONATION_CALCULATOR	ConfigDonation
DONATION_CHECK_TIME	ConfigDonation
DONATION_CURRENCY_AWESOMEAPI	ConfigDonation
DONATION_CURRENCY_CB_API_KEY	ConfigDonation
DONATION_CURRENCY_TASK_INTERVAL	ConfigDonation
DONATION_DELETE_INACTIVE	ConfigDonation
DONATION_DELETE_PAYMENT_DATA	ConfigDonation
DONATION_DROPDOWN	ConfigDonation
DONATION_ENABLED	ConfigDonation
DONATION_HIDE_ENDED	ConfigDonation
DONATION_MAILER_ADDRESS	ConfigDonation
DONATION_MAILER_TEMPLATE	ConfigDonation
DONATION_MAILER_TOKEN	ConfigDonation
DONATION_MAXIMUM_NUMBER_EMAILS	ConfigDonation
DONATION_MP_CURRENCIES	ConfigDonation
DONATION_MP_CURRENCY	ConfigDonation
DONATION_MP_LINK	ConfigDonation
DONATION_MP_LINK_DROPDOWN	ConfigDonation
DONATION_MP_LINK_EXPIRATION_TIME	ConfigDonation
DONATION_MP_LINK_MAIL	ConfigDonation
DONATION_MP_LINK_PRICE	ConfigDonation
DONATION_MP_PIX	ConfigDonation
DONATION_MP_PIX_ACCOUNT_BANK	ConfigDonation
DONATION_MP_PIX_ACCOUNT_CPF	ConfigDonation
DONATION_MP_PIX_ACCOUNT_OWNER	ConfigDonation
DONATION_MP_PIX_DROPDOWN	ConfigDonation
DONATION_MP_PIX_EXPIRATION_TIME	ConfigDonation
DONATION_MP_PIX_MAIL	ConfigDonation
DONATION_MP_PIX_PRICE	ConfigDonation
DONATION_MP_TOKEN	ConfigDonation
DONATION_PAYPAL_ACCOUNT_EMAIL	ConfigDonation
DONATION_PAYPAL_CLIENT_ID	ConfigDonation
DONATION_PAYPAL_CLIENT_SECRET	ConfigDonation
DONATION_PAYPAL_CURRENCIES	ConfigDonation
DONATION_PAYPAL_CURRENCY	ConfigDonation
DONATION_PAYPAL_DROPDOWN	ConfigDonation
DONATION_PAYPAL_LINK	ConfigDonation
DONATION_PAYPAL_LINK_EXPIRATION_TIME	ConfigDonation
DONATION_PAYPAL_LOGO_IMAGE	ConfigDonation
DONATION_PAYPAL_MAIL	ConfigDonation
DONATION_PAYPAL_NOTE_MSG	ConfigDonation
DONATION_PAYPAL_PHONE_CODE	ConfigDonation
DONATION_PAYPAL_PHONE_NUMBER	ConfigDonation
DONATION_PAYPAL_PRICE	ConfigDonation
DONATION_PAYPAL_SANDBOX_ENABLED	ConfigDonation
DONATION_PAYPAL_WEBSITE	ConfigDonation
DONATION_PAY_TIME	ConfigDonation
DONATION_PURCHASABLE_ITEM	ConfigDonation
DONATION_REQUIRE_TERMS	ConfigDonation
DONATION_SERVER_NAME	ConfigDonation
DO_NOT_TRANSLATE	ConfigTranslator
DROP_ITEMS	ConfigServer
DROP_ITEM_TIME	ConfigServer
DUALBOX_CHECK_MAX_OFFLINEPLAY_PER_IP	ConfigProject
DUALBOX_CHECK_MAX_OFFLINEPLAY_PREMIUM_PER_IP	ConfigProject
DUALBOX_CHECK_MAX_OLYMPIAD_PARTICIPANTS_PER_IP	ConfigProject
DUALBOX_CHECK_MAX_PLAYERS_PER_IP	ConfigProject
DUALBOX_COUNT_OFFLINE_TRADERS	ConfigProject
DWARF_RECIPE_LIMIT	ConfigPlayers
DYNAMIC_XP	ConfigRates
DYNAMIC_XP_RATES	ConfigRates
EFFECT_CANCELING	ConfigPlayers
ENABLED_AUCTION	ConfigProject
ENABLE_BOUNDARY_CELL_PENALTY	ConfigGeoengine
ENABLE_CLIENT_SIDE_PREDICTION	ConfigGeoengine
ENABLE_COMMAND_GOLDBAR	ConfigProject
ENABLE_COMMUNITY_BOARD	ConfigServer
ENABLE_CONSOLE_LOG	ConfigProtection
ENABLE_CREATURE_COLLISION	ConfigGeoengine
ENABLE_CUSTOM_BBS	ConfigServer
ENABLE_FALLING_DAMAGE	ConfigServer
ENABLE_GUARD_CHAT	ConfigNpcs
ENABLE_MENU	ConfigProject
ENABLE_MISSION	ConfigProject
ENABLE_MODIFY_SKILL_DURATION	ConfigProject
ENABLE_NPC_MOVEMENT_OPTIMIZATION	ConfigGeoengine
ENABLE_OFFLINE_FARM_COMMAND	ConfigProject
ENABLE_ONLINE_COMMAND	ConfigProject
ENABLE_PATHFINDING_CACHE	ConfigGeoengine
ENABLE_PATH_SMOOTHING	ConfigGeoengine
ENABLE_PIX_MOD	ConfigDonation
ENABLE_REAL_TIME_OBSTACLE_AVOIDANCE	ConfigGeoengine
ENABLE_SMOOTH_OBSTACLE_AVOIDANCE	ConfigGeoengine
ENTER_ANAKAZEL	ConfigProject
EPIC_BOSS_LIST	ConfigNpcs
EPIC_BOSS_TELEPORT_ENABLED	ConfigProject
EQUIPABLE_ITEM_AUTO_DESTROY_TIME	ConfigServer
ES_SP_BOOK_NEEDED	ConfigPlayers
EVENT_COMMANDS	ConfigEvents
EXPERTISE_PENALTY	ConfigPlayers
FAKE_ONLINE_AMOUNT	ConfigProject
FAST_CONNECTION_LIMIT	ConfigLogin
FAST_CONNECTION_TIME	ConfigLogin
FESTIVAL_MIN_PLAYER	ConfigEvents
FILTER_LIST	ConfigProject
FISH_CHAMPIONSHIP_REWARD_1	ConfigEvents
FISH_CHAMPIONSHIP_REWARD_2	ConfigEvents
FISH_CHAMPIONSHIP_REWARD_3	ConfigEvents
FISH_CHAMPIONSHIP_REWARD_4	ConfigEvents
FISH_CHAMPIONSHIP_REWARD_5	ConfigEvents
FISH_CHAMPIONSHIP_REWARD_ITEM	ConfigEvents
FLOOD_PROTECTION	ConfigLogin
FREE_TELEPORT	ConfigNpcs
FREIGHT_PRICE	ConfigPlayers
FREIGHT_SLOTS	ConfigPlayers
FRINTEZZA_MAXIMUM_ALLOWED_PLAYERS	ConfigNpcs
FRINTEZZA_MAXIMUM_PARTIES	ConfigNpcs
FRINTEZZA_MINIMUM_ALLOWED_PLAYERS	ConfigNpcs
FRINTEZZA_MINIMUM_PARTIES	ConfigNpcs
FS_PARTY_MEMBER_COUNT	ConfigEvents
GAMESERVER_HOSTNAME	ConfigServer
GAMESERVER_LOGIN_HOSTNAME	ConfigServer
GAMESERVER_LOGIN_PORT	ConfigServer
GAMESERVER_PORT	ConfigServer
GAME_SUBCLASS_EVERYWHERE	ConfigProject
GEODATA_PATH	ConfigGeoengine
GEODATA_TYPE	ConfigGeoengine
GEOENGINE_CACHE_SIZE	ConfigGeoengine
GEO_HEIGHT_TOLERANCE	ConfigGeoengine
GET_CLIENT_HWID	ConfigProtection
GLOBAL_CHAT	ConfigProject
GLOBAL_CHAT_TIME	ConfigServer
GMAUDIT	ConfigServer
GM_HERO_AURA	ConfigPlayers
GM_STARTUP_AUTO_LIST	ConfigPlayers
GM_STARTUP_BLOCK_ALL	ConfigPlayers
GM_STARTUP_INVISIBLE	ConfigPlayers
GM_STARTUP_INVULNERABLE	ConfigPlayers
GRANDBOSS_HP_MULTIPLIER	ConfigNpcs
GRANDBOSS_MATK_MULTIPLIER	ConfigNpcs
GRANDBOSS_MDEF_MULTIPLIER	ConfigNpcs
GRANDBOSS_MP_MULTIPLIER	ConfigNpcs
GRANDBOSS_PATK_MULTIPLIER	ConfigNpcs
GRANDBOSS_PDEF_MULTIPLIER	ConfigNpcs
GRANDBOSS_RATE_SP	ConfigRates
GRANDBOSS_RATE_XP	ConfigRates
GRAND_BOSS_RESPAWN_BASE_MS	ConfigProject
GRAND_BOSS_RESPAWN_OVERRIDES	ConfigProject
GRAND_BOSS_RESPAWN_RANDOM_MS	ConfigProject
GUARD_ATTACK_AGGRO_MOB	ConfigNpcs
GUARD_CHATTY_CHANCE	ConfigNpcs
GUARD_CHAT_RANGE	ConfigNpcs
GUARD_CLIENT_CRYPT	ConfigProtection
GUARD_CLIENT_CRYPT_KEY	ConfigProtection
GUARD_SAY_AGGRO_PERIOD	ConfigNpcs
GUARD_SAY_NORMAL_CHANCE	ConfigNpcs
GUARD_SAY_NORMAL_PERIOD	ConfigNpcs
GUARD_SERVER_CRYPT	ConfigProtection
GUARD_SERVER_CRYPT_KEY	ConfigProtection
HEAL_BLOCK_MESSAGE	ConfigBossHeal
HERB_AUTO_DESTROY_TIME	ConfigServer
HERO_VOICE_TIME	ConfigServer
HEURISTIC_WEIGHT	ConfigGeoengine
HEX_ID	ConfigHexId
HIT_TIME	ConfigProject
HOSTNAME	ConfigServer
HP_POTION_ITEM_ID	ConfigProject
HP_REGEN_MULTIPLIER	ConfigPlayers
IGNORE_AGATHIONS	ConfigProject
IGNORE_CHESTS	ConfigProject
IGNORE_RAID_BOSSES	ConfigProject
IGNORE_RAID_MINIONS	ConfigProject
INFINITY_ARROWS	ConfigProject
INFINITY_ARROWS_PREMIUM_ONLY	ConfigProject
INFINITY_SS	ConfigProject
INFINITY_SS_PREMIUM_ONLY	ConfigProject
INSTANT_THREAD_POOL_COUNT	ConfigServer
INVENTORY_MAXIMUM_DWARF	ConfigPlayers
INVENTORY_MAXIMUM_NO_DWARF	ConfigPlayers
INVENTORY_MAXIMUM_PET	ConfigPlayers
IS_CRAFTING_ENABLED	ConfigPlayers
ITEMS_GC_CLEANUP_ENABLED	ConfigServer
ITEMS_GC_CLEANUP_TIME_MS	ConfigServer
ITEM_AUTO_DESTROY_TIME	ConfigServer
ITEM_TIME	ConfigServer
KARMA_AWARD_PK_KILL	ConfigPlayers
KARMA_DROP_GM	ConfigPlayers
KARMA_DROP_LIMIT	ConfigRates
KARMA_NONDROPPABLE_ITEMS	ConfigPlayers
KARMA_NONDROPPABLE_PET_ITEMS	ConfigPlayers
KARMA_PK_LIMIT	ConfigPlayers
KARMA_PLAYER_CAN_SHOP	ConfigPlayers
KARMA_PLAYER_CAN_TELEPORT	ConfigPlayers
KARMA_PLAYER_CAN_TRADE	ConfigPlayers
KARMA_PLAYER_CAN_USE_GK	ConfigPlayers
KARMA_PLAYER_CAN_USE_WH	ConfigPlayers
KARMA_RATE_DROP	ConfigRates
KARMA_RATE_DROP_EQUIP	ConfigRates
KARMA_RATE_DROP_EQUIP_WEAPON	ConfigRates
KARMA_RATE_DROP_ITEM	ConfigRates
KILLS_COUNTER	ConfigProject
KILLS_COUNTER_RANDOMIZATION	ConfigProject
L2WALKER_PROTECTION	ConfigServer
LIFE_CRYSTAL_NEEDED	ConfigPlayers
LIST_RESTRICTED_CHAR_NAMES	ConfigProject
LM_DOORS_IDS_TO_CLOSE	ConfigEvents
LM_DOORS_IDS_TO_OPEN	ConfigEvents
LM_EVENT_EFFECTS_REMOVAL	ConfigEvents
LM_EVENT_ENABLED	ConfigEvents
LM_EVENT_FIGHTER_BUFFS	ConfigEvents
LM_EVENT_HERO	ConfigEvents
LM_EVENT_INTERVAL	ConfigEvents
LM_EVENT_MAGE_BUFFS	ConfigEvents
LM_EVENT_MAX_LVL	ConfigEvents
LM_EVENT_MAX_PARTICIPANTS_PER_IP	ConfigEvents
LM_EVENT_MAX_PLAYERS	ConfigEvents
LM_EVENT_MIN_LVL	ConfigEvents
LM_EVENT_MIN_PLAYERS	ConfigEvents
LM_EVENT_PARTICIPATION_FEE	ConfigEvents
LM_EVENT_PARTICIPATION_NPC_COORDINATES	ConfigEvents
LM_EVENT_PARTICIPATION_NPC_ID	ConfigEvents
LM_EVENT_PARTICIPATION_TIME	ConfigEvents
LM_EVENT_PLAYER_COORDINATES	ConfigEvents
LM_EVENT_PLAYER_CREDITS	ConfigEvents
LM_EVENT_POTIONS_ALLOWED	ConfigEvents
LM_EVENT_RESPAWN_TELEPORT_DELAY	ConfigEvents
LM_EVENT_REWARDS	ConfigEvents
LM_EVENT_RUNNING_TIME	ConfigEvents
LM_EVENT_SCROLL_ALLOWED	ConfigEvents
LM_EVENT_START_LEAVE_TELEPORT_DELAY	ConfigEvents
LM_EVENT_SUMMON_BY_ITEM_ALLOWED	ConfigEvents
LM_NPC_LOC_NAME	ConfigEvents
LM_REWARD_PLAYERS_TIE	ConfigEvents
LOCALES	ConfigLanguage
LOGINSERVER_HOSTNAME	ConfigLogin
LOGINSERVER_PORT	ConfigLogin
LOGIN_BLOCK_AFTER_BAN	ConfigLogin
LOGIN_TRY_BEFORE_BAN	ConfigLogin
LOG_CHAT	ConfigServer
LOG_ITEMS	ConfigServer
LOTTERY_2_AND_1_NUMBER_PRIZE	ConfigEvents
LOTTERY_3_NUMBER_RATE	ConfigEvents
LOTTERY_4_NUMBER_RATE	ConfigEvents
LOTTERY_5_NUMBER_RATE	ConfigEvents
LOTTERY_PRIZE	ConfigEvents
LOTTERY_TICKET_PRICE	ConfigEvents
LVL_AUTO_LEARN_SKILLS	ConfigPlayers
LVL_FREE_TELEPORT	ConfigNpcs
LV_EVENT_HERO_DAYS	ConfigEvents
MAGIC_FAILURES	ConfigPlayers
MANOR_APPROVE_MIN	ConfigClans
MANOR_APPROVE_TIME	ConfigClans
MANOR_MAINTENANCE_MIN	ConfigClans
MANOR_REFRESH_MIN	ConfigClans
MANOR_REFRESH_TIME	ConfigClans
MANOR_SAVE_PERIOD_RATE	ConfigClans
MANOR_TIME	ConfigServer
MANUFACTURE_TIME	ConfigServer
MAXIMUM_ONLINE_USERS	ConfigServer
MAXIMUM_PLAYER_CONTRIB	ConfigEvents
MAX_ALTERNATIVE_POSITIONS	ConfigGeoengine
MAX_ATTACKERS_NUMBER	ConfigSiege
MAX_BUFFS_AMOUNT	ConfigPlayers
MAX_CONNECTION_PER_IP	ConfigLogin
MAX_CONSECUTIVE_BLOCKS	ConfigGeoengine
MAX_DEFENDERS_NUMBER	ConfigSiege
MAX_DRIFT_RANGE	ConfigNpcs
MAX_EVASION	ConfigProject
MAX_GEOPATH_FAIL_COUNT	ConfigGeoengine
MAX_ITEM_IN_PACKET	ConfigPlayers
MAX_ITERATIONS	ConfigGeoengine
MAX_MATK	ConfigProject
MAX_MATK_SPEED	ConfigProject
MAX_MCRIT_RATE	ConfigProject
MAX_NUM_OF_CLANS_IN_ALLY	ConfigClans
MAX_OBSTACLE_HEIGHT	ConfigGeoengine
MAX_PATK	ConfigProject
MAX_PATK_SPEED	ConfigProject
MAX_PCRIT_RATE	ConfigProject
MAX_PETITIONS_PENDING	ConfigPlayers
MAX_PETITIONS_PER_PLAYER	ConfigPlayers
MAX_PVTSTOREBUY_SLOTS_DWARF	ConfigPlayers
MAX_PVTSTOREBUY_SLOTS_OTHER	ConfigPlayers
MAX_PVTSTORESELL_SLOTS_DWARF	ConfigPlayers
MAX_PVTSTORESELL_SLOTS_OTHER	ConfigPlayers
MAX_RUN_SPEED	ConfigProject
MAX_SHORT_DISTANCE_HEIGHT_DIFF	ConfigGeoengine
MEMBERS_CAN_WITHDRAW_FROM_CLANWH	ConfigClans
MINIMUM_CLAN_LEVEL	ConfigSiege
MOB_AGGRO_IN_PEACEZONE	ConfigNpcs
MONSTER_ANIMATION	ConfigNpcs
MONSTER_HP_MULTIPLIER	ConfigNpcs
MONSTER_MATK_MULTIPLIER	ConfigNpcs
MONSTER_MAX_RANGE	ConfigNpcs
MONSTER_MDEF_MULTIPLIER	ConfigNpcs
MONSTER_MP_MULTIPLIER	ConfigNpcs
MONSTER_PATK_MULTIPLIER	ConfigNpcs
MONSTER_PDEF_MULTIPLIER	ConfigNpcs
MOVEMENT_RECONCILIATION_THRESHOLD	ConfigGeoengine
MOVEMENT_VALIDATION_INTERVAL	ConfigGeoengine
MOVE_WEIGHT	ConfigGeoengine
MOVE_WEIGHT_DIAG	ConfigGeoengine
MP_POTION_ITEM_ID	ConfigProject
MP_REGEN_MULTIPLIER	ConfigPlayers
MULTIPLE_ITEM_DROP	ConfigServer
MULTIPLIER_ONLINE_COMMAND	ConfigProject
MULTISELL_MAX_AMOUNT	ConfigProject
MULTISELL_TIME	ConfigServer
NEED_ITEM_ANTHARAS	ConfigNpcs
NEED_ITEM_BAIUM	ConfigNpcs
NEED_ITEM_FRINTEZZA	ConfigNpcs
NEED_ITEM_SHILEN	ConfigNpcs
NEED_ITEM_VALAKAS	ConfigNpcs
NEW_FOLLOW	ConfigProject
NEW_REGEN	ConfigProject
NOBLE_ITEM_COUNT	ConfigNpcs
NOBLE_ITEM_ID	ConfigNpcs
NORMAL_CONNECTION_TIME	ConfigLogin
NO_SPAWNS	ConfigServer
NPC_ANIMATION	ConfigNpcs
NPC_MOVEMENT_PLAYER_RANGE	ConfigGeoengine
NPC_SOULSHOT	ConfigProject
NPC_SPIRITSHOT	ConfigProject
NPC_STAT_MULTIPLIERS	ConfigNpcs
NPC_Z_INDEX	ConfigGeoengine
OBSTACLE_DETECTION_DISTANCE	ConfigGeoengine
OBSTACLE_SMOOTHING_DISTANCE	ConfigGeoengine
OBSTACLE_WEIGHT	ConfigGeoengine
OBSTACLE_WEIGHT_DIAG	ConfigGeoengine
OFFLINE_CRAFT_ENABLE	ConfigOfflineShop
OFFLINE_DISCONNECT_FINISHED	ConfigOfflineShop
OFFLINE_FARM_LOGOUT_ON_DEATH	ConfigProject
OFFLINE_FARM_PREMIUM	ConfigProject
OFFLINE_MAX_DAYS	ConfigOfflineShop
OFFLINE_MODE_IN_PEACE_ZONE	ConfigOfflineShop
OFFLINE_MODE_NO_DAMAGE	ConfigOfflineShop
OFFLINE_SLEEP_EFFECT	ConfigOfflineShop
OFFLINE_TRADE_ENABLE	ConfigOfflineShop
OLY_ANNOUNCE_GAMES	ConfigEvents
OLY_BATTLE	ConfigEvents
OLY_BLOCK_SAME_HWID	ConfigProject
OLY_CLASSED	ConfigEvents
OLY_CLASSED_REWARD	ConfigEvents
OLY_CPERIOD	ConfigEvents
OLY_DIVIDER_CLASSED	ConfigEvents
OLY_DIVIDER_NON_CLASSED	ConfigEvents
OLY_ENABLED	ConfigEvents
OLY_ENCHANT_LIMIT	ConfigEvents
OLY_GP_PER_POINT	ConfigEvents
OLY_HERO_POINTS	ConfigEvents
OLY_MAX_POINTS	ConfigEvents
OLY_MIN	ConfigEvents
OLY_MIN_MATCHES	ConfigEvents
OLY_NONCLASSED	ConfigEvents
OLY_NONCLASSED_REWARD	ConfigEvents
OLY_PERIOD	ConfigProject
OLY_PERIOD_MULTIPLIER	ConfigProject
OLY_RANK1_POINTS	ConfigEvents
OLY_RANK2_POINTS	ConfigEvents
OLY_RANK3_POINTS	ConfigEvents
OLY_RANK4_POINTS	ConfigEvents
OLY_RANK5_POINTS	ConfigEvents
OLY_SHOW_MONTHLY_WINNERS	ConfigEvents
OLY_START_POINTS	ConfigEvents
OLY_START_TIME	ConfigEvents
OLY_USE_CUSTOM_PERIOD_SETTINGS	ConfigProject
OLY_VPERIOD	ConfigEvents
OLY_WAIT_BATTLE	ConfigEvents
OLY_WAIT_END	ConfigEvents
OLY_WAIT_TIME	ConfigEvents
OLY_WEEKLY_POINTS	ConfigEvents
OLY_WPERIOD	ConfigEvents
PACKET_HANDLER_DEBUG	ConfigServer
PARTY_RANGE	ConfigPlayers
PARTY_XP_CUTOFF_LEVEL	ConfigPlayers
PARTY_XP_CUTOFF_METHOD	ConfigPlayers
PARTY_XP_CUTOFF_PERCENT	ConfigPlayers
PART_OF_CHARACTER_HEIGHT	ConfigGeoengine
PATHFINDING_CACHE_EXPIRATION	ConfigGeoengine
PATHFINDING_CACHE_SIZE	ConfigGeoengine
PATHFINDING_MAX_ITERATIONS	ConfigGeoengine
PATHFINDING_MAX_NODES	ConfigGeoengine
PATHFINDING_SMOOTHING_LEVEL	ConfigGeoengine
PATHFINDING_THREADS	ConfigGeoengine
PERFECT_SHIELD_BLOCK_RATE	ConfigPlayers
PETITIONING_ALLOWED	ConfigPlayers
PET_FOOD_RATE	ConfigRates
PET_NAME_TEMPLATE	ConfigServer
PET_XP_RATE	ConfigRates
PLAYER_DROPPED_ITEM_MULTIPLIER	ConfigServer
PLAYER_DROP_LIMIT	ConfigRates
PLAYER_FAKEDEATH_UP_PROTECTION	ConfigPlayers
PLAYER_RATE_DROP	ConfigRates
PLAYER_RATE_DROP_EQUIP	ConfigRates
PLAYER_RATE_DROP_EQUIP_WEAPON	ConfigRates
PLAYER_RATE_DROP_ITEM	ConfigRates
PLAYER_SPAWN_PROTECTION	ConfigPlayers
PREMIUM_BUFFS_CATEGORY	ConfigProject
PREMIUM_CHAMPION_ADENAS_REWARDS	ConfigNpcs
PREMIUM_CHAMPION_RATE_SP	ConfigNpcs
PREMIUM_CHAMPION_RATE_XP	ConfigNpcs
PREMIUM_CHAMPION_REWARDS	ConfigNpcs
PREMIUM_CHAMPION_SEALSTONE_REWARDS	ConfigNpcs
PREMIUM_CHAMPION_SPOIL_REWARDS	ConfigNpcs
PREMIUM_RATE_DROP_CURRENCY	ConfigRates
PREMIUM_RATE_DROP_ITEMS	ConfigRates
PREMIUM_RATE_DROP_ITEMS_BY_GRAND	ConfigRates
PREMIUM_RATE_DROP_ITEMS_BY_RAID	ConfigRates
PREMIUM_RATE_DROP_SEAL_STONE	ConfigRates
PREMIUM_RATE_DROP_SPOIL	ConfigRates
PREMIUM_RATE_QUEST_DROP	ConfigRates
PREMIUM_RATE_QUEST_REWARD	ConfigRates
PREMIUM_RATE_QUEST_REWARD_ADENA	ConfigRates
PREMIUM_RATE_QUEST_REWARD_SP	ConfigRates
PREMIUM_RATE_QUEST_REWARD_XP	ConfigRates
PREMIUM_RATE_SP	ConfigRates
PREMIUM_RATE_XP	ConfigRates
PROP_AUTO_LOOT	ConfigProject
PROP_BUFF_PROTECTED	ConfigProject
PROP_STOP_EXP	ConfigProject
PROP_TRADE_REFUSAL	ConfigProject
PROTECT_KICK_WITH_EMPTY_HWID	ConfigProtection
PROTECT_KICK_WITH_LASTERROR_HWID	ConfigProtection
PROTECT_WINDOWS_COUNT	ConfigProtection
PROXY	ConfigLogin
PTS_EMULATION_SPAWN	ConfigProject
PTS_EMULATION_SPAWN_DURATION	ConfigProject
PUNISHMENT	ConfigProject
PUNISHMENT_TIME	ConfigProject
PVP_NORMAL_TIME	ConfigPlayers
PVP_PVP_TIME	ConfigPlayers
RACE_ELF	ConfigProject
RAIDBOSS_HP_MULTIPLIER	ConfigNpcs
RAIDBOSS_MATK_MULTIPLIER	ConfigNpcs
RAIDBOSS_MDEF_MULTIPLIER	ConfigNpcs
RAIDBOSS_MP_MULTIPLIER	ConfigNpcs
RAIDBOSS_PATK_MULTIPLIER	ConfigNpcs
RAIDBOSS_PDEF_MULTIPLIER	ConfigNpcs
RAIDBOSS_RATE_SP	ConfigRates
RAIDBOSS_RATE_XP	ConfigRates
RAID_BOSS_LIST	ConfigNpcs
RAID_BOSS_RESPAWN_BASE_MS	ConfigProject
RAID_BOSS_RESPAWN_OVERRIDES	ConfigProject
RAID_BOSS_RESPAWN_RANDOM_MS	ConfigProject
RAID_BOSS_TELEPORT_ENABLED	ConfigProject
RAID_DISABLE_CURSE	ConfigNpcs
RANDOM_PVP_ZONE	ConfigProject
RANDOM_WALK_RATE	ConfigNpcs
RATE_DROP_CURRENCY	ConfigRates
RATE_DROP_HERBS	ConfigRates
RATE_DROP_ITEMS	ConfigRates
RATE_DROP_ITEMS_BY_GRAND	ConfigRates
RATE_DROP_ITEMS_BY_RAID	ConfigRates
RATE_DROP_MANOR	ConfigRates
RATE_DROP_SEAL_STONE	ConfigRates
RATE_DROP_SPOIL	ConfigRates
RATE_KARMA_EXP_LOST	ConfigRates
RATE_PARTY_SP	ConfigRates
RATE_PARTY_XP	ConfigRates
RATE_QUEST_DROP	ConfigRates
RATE_QUEST_REWARD	ConfigRates
RATE_QUEST_REWARD_ADENA	ConfigRates
RATE_QUEST_REWARD_SP	ConfigRates
RATE_QUEST_REWARD_XP	ConfigRates
RATE_SIEGE_GUARDS_PRICE	ConfigRates
RATE_SP	ConfigRates
RATE_XP	ConfigRates
REGION_BASED_FREIGHT	ConfigPlayers
REQUEST_ID	ConfigServer
RESPAWN_RESTORE_HP	ConfigPlayers
RESTORE_OFFLINERS	ConfigOfflineShop
RESTORE_STORE_ITEMS	ConfigOfflineShop
RESTRICTED_CHAR_NAMES	ConfigProject
RESTRICTED_CLASSES	ConfigProject
RETURN_HOME_MONSTER	ConfigProject
RETURN_HOME_MONSTER_RADIUS	ConfigProject
RETURN_HOME_RAIDBOSS	ConfigProject
RETURN_HOME_RAIDBOSS_RADIUS	ConfigProject
RIFT_ANAKAZEL_PORT_CHANCE	ConfigEvents
RIFT_AUTO_JUMPS_TIME_MIN	ConfigEvents
RIFT_AUTO_JUMPS_TIME_RND	ConfigEvents
RIFT_ENTER_COST_CAPTAIN	ConfigEvents
RIFT_ENTER_COST_COMMANDER	ConfigEvents
RIFT_ENTER_COST_HERO	ConfigEvents
RIFT_ENTER_COST_OFFICER	ConfigEvents
RIFT_ENTER_COST_RECRUIT	ConfigEvents
RIFT_ENTER_COST_SOLDIER	ConfigEvents
RIFT_MIN_PARTY_SIZE	ConfigEvents
ROLL_DICE_TIME	ConfigServer
SAFEDISCONNECT_ALLOW_BOSS	ConfigSafeDisconnect
SAFEDISCONNECT_ALLOW_FARM	ConfigSafeDisconnect
SAFEDISCONNECT_ALLOW_OLYMPIAD	ConfigSafeDisconnect
SAFEDISCONNECT_ALLOW_QUEST	ConfigSafeDisconnect
SAFEDISCONNECT_AUTOFARM_RESTORE_DELAY_MS	ConfigSafeDisconnect
SAFEDISCONNECT_CHANGE_NAME_COLOR	ConfigSafeDisconnect
SAFEDISCONNECT_ENABLED	ConfigSafeDisconnect
SAFEDISCONNECT_IMMOBILIZE	ConfigSafeDisconnect
SAFEDISCONNECT_INTEGRATION_CTF	ConfigSafeDisconnect
SAFEDISCONNECT_INTEGRATION_DM	ConfigSafeDisconnect
SAFEDISCONNECT_INTEGRATION_DUNGEON	ConfigSafeDisconnect
SAFEDISCONNECT_INTEGRATION_LM	ConfigSafeDisconnect
SAFEDISCONNECT_INTEGRATION_OLYMPIAD	ConfigSafeDisconnect
SAFEDISCONNECT_INTEGRATION_TOURNAMENT	ConfigSafeDisconnect
SAFEDISCONNECT_INTEGRATION_TVT	ConfigSafeDisconnect
SAFEDISCONNECT_INVULNERABLE	ConfigSafeDisconnect
SAFEDISCONNECT_NAME_COLOR	ConfigSafeDisconnect
SAFEDISCONNECT_TIMEOUT_MS	ConfigSafeDisconnect
SAFEDISCONNECT_TITLE	ConfigSafeDisconnect
SCHEDULED_THREAD_POOL_COUNT	ConfigServer
SELLBUFF_ENABLED	ConfigProject
SELLBUFF_MAX_BUFFS	ConfigProject
SELLBUFF_MAX_PRICE	ConfigProject
SELLBUFF_MIN_PRICE	ConfigProject
SELLBUFF_MP_MULTIPLER	ConfigProject
SELLBUFF_PAYMENT_ID	ConfigProject
SENDMAIL_TIME	ConfigServer
SERVER_BYPASS_TIME	ConfigServer
SERVER_GMONLY	ConfigServer
SERVER_ID	ConfigHexId
SERVER_LIST_AGE	ConfigServer
SERVER_LIST_BRACKET	ConfigServer
SERVER_LIST_CLOCK	ConfigServer
SERVER_LIST_PVPSERVER	ConfigServer
SERVER_LIST_TESTSERVER	ConfigServer
SERVER_NEWS	ConfigServer
SERVER_PACKETS	ConfigServer
SEVEN_SIGNS_BYPASS_PREREQUISITES	ConfigEvents
SHORT_DISTANCE_THRESHOLD	ConfigGeoengine
SHOW_CONNECT	ConfigLogin
SHOW_EPIC_HTM	ConfigProject
SHOW_LICENCE	ConfigLogin
SHOW_NPC_CREST	ConfigNpcs
SHOW_NPC_INFO	ConfigProject
SHOW_NPC_LVL	ConfigNpcs
SHOW_NPC_TITLE_COLOR	ConfigNpcs
SHOW_NPC_TITLE_FORMAT	ConfigNpcs
SHOW_RAID_HTM	ConfigProject
SHOW_SUMMON_CREST	ConfigNpcs
SIEGE_INFO	ConfigSiege
SIEGE_LENGTH	ConfigSiege
SINEATER_XP_RATE	ConfigRates
SISTEMA_PATHFINDING	ConfigGeoengine
SKILL_DURATION_LIST	ConfigProject
SKIP_CATEGORY	ConfigProject
SOCIAL_TIME	ConfigServer
SPAWN_EVENTS	ConfigNpcs
SPAWN_MULTIPLIER	ConfigNpcs
SPECIAL_ITEM_DESTROY_TIME	ConfigServer
SP_BOOK_NEEDED	ConfigPlayers
STOP_TOGGLE	ConfigProject
STORE_SKILL_COOLTIME	ConfigPlayers
STRICT_SEVENSIGNS	ConfigProject
SUBCLASS_REQUIRE_FATE	ConfigPlayers
SUBCLASS_REQUIRE_MIMIR	ConfigPlayers
SUBCLASS_SKILLS	ConfigProject
SUBCLASS_TIME	ConfigServer
SUBCLASS_WITHOUT_QUESTS	ConfigPlayers
SUMMON_DRIFT_RANGE	ConfigNpcs
SUPER_HASTE	ConfigProject
TIME_ZONE	ConfigProject
TITLE_TEMPLATE	ConfigServer
TRADE_CHAT	ConfigProject
TRADE_CHAT_TIME	ConfigServer
TVT_DOORS_IDS_TO_CLOSE	ConfigEvents
TVT_DOORS_IDS_TO_OPEN	ConfigEvents
TVT_EVENT_EFFECTS_REMOVAL	ConfigEvents
TVT_EVENT_ENABLED	ConfigEvents
TVT_EVENT_FIGHTER_BUFFS	ConfigEvents
TVT_EVENT_INTERVAL	ConfigEvents
TVT_EVENT_MAGE_BUFFS	ConfigEvents
TVT_EVENT_MAX_LVL	ConfigEvents
TVT_EVENT_MAX_PARTICIPANTS_PER_IP	ConfigEvents
TVT_EVENT_MAX_PLAYERS_IN_TEAMS	ConfigEvents
TVT_EVENT_MIN_LVL	ConfigEvents
TVT_EVENT_MIN_PLAYERS_IN_TEAMS	ConfigEvents
TVT_EVENT_ON_KILL	ConfigEvents
TVT_EVENT_PARTICIPATION_FEE	ConfigEvents
TVT_EVENT_PARTICIPATION_NPC_COORDINATES	ConfigEvents
TVT_EVENT_PARTICIPATION_NPC_ID	ConfigEvents
TVT_EVENT_PARTICIPATION_TIME	ConfigEvents
TVT_EVENT_POTIONS_ALLOWED	ConfigEvents
TVT_EVENT_RESPAWN_TELEPORT_DELAY	ConfigEvents
TVT_EVENT_REWARDS	ConfigEvents
TVT_EVENT_RUNNING_TIME	ConfigEvents
TVT_EVENT_SCROLL_ALLOWED	ConfigEvents
TVT_EVENT_START_LEAVE_TELEPORT_DELAY	ConfigEvents
TVT_EVENT_SUMMON_BY_ITEM_ALLOWED	ConfigEvents
TVT_EVENT_TARGET_TEAM_MEMBERS_ALLOWED	ConfigEvents
TVT_EVENT_TEAM_1_COORDINATES	ConfigEvents
TVT_EVENT_TEAM_1_NAME	ConfigEvents
TVT_EVENT_TEAM_2_COORDINATES	ConfigEvents
TVT_EVENT_TEAM_2_NAME	ConfigEvents
TVT_NPC_LOC_NAME	ConfigEvents
TVT_REWARD_PLAYER	ConfigEvents
TVT_REWARD_TEAM_TIE	ConfigEvents
UPGRADEABLE_BOSS_JEWELS	ConfigBossJewels
UPGRADE_BOSS_JEWELS	ConfigBossJewels
UPGRADE_BOSS_JEWELS_ENCHANT	ConfigBossJewels
USE_BLOWFISH_CIPHER	ConfigServer
USE_CONFIG_RAID_GRAND_BOSS_RESPAWN	ConfigProject
USE_L2BR_PATHFINDING	ConfigGeoengine
USE_OPTIMIZED_MOVEMENT	ConfigGeoengine
USE_PATHFINDING_POOL	ConfigGeoengine
USE_PREMIUM_SERVICE	ConfigProject
USE_SAY_FILTER	ConfigProject
VALIDATION_TIME	ConfigProject
WAIT_TIME_ANTHARAS	ConfigNpcs
WAIT_TIME_FRINTEZZA	ConfigNpcs
WAIT_TIME_VALAKAS	ConfigNpcs
WAREHOUSE_SLOTS_CLAN	ConfigPlayers
WAREHOUSE_SLOTS_DWARF	ConfigPlayers
WAREHOUSE_SLOTS_NO_DWARF	ConfigPlayers
WEAR_DELAY	ConfigServer
WEAR_PRICE	ConfigServer
WEDDING_FORMALWEAR	ConfigNpcs
WEDDING_PRICE	ConfigNpcs
WEDDING_SAMESEX	ConfigNpcs
WEIGHT_LIMIT	ConfigPlayers
WYVERN_REQUIRED_CRYSTALS	ConfigNpcs
WYVERN_REQUIRED_LEVEL	ConfigNpcs
ZONE_TOWN	ConfigServer
