loadOfflineShop	ConfigOfflineShop	1030	1043
loadSafeDisconnect	ConfigSafeDisconnect	1043	1075
loadBossZerg	ConfigBossZerg	1075	1149
loadClans	ConfigClans	1149	1194
loadBossHealConfigs	ConfigBossHeal	1194	1212
loadEvents	ConfigEvents	1212	1720
loadGeoengine	ConfigGeoengine	1720	1775
loadHexID	ConfigHexId	1775	1788
loadLanguage	ConfigLanguage	1788	1801
loadNpcs	ConfigNpcs	1821	1922
loadPlayers	ConfigPlayers	1922	2003
loadSieges	ConfigSiege	2003	2014
loadProtection	ConfigProtection	2014	2038
loadServer	ConfigServer	2038	2144
loadRates	ConfigRates	2144	2219
loadRusAcis	ConfigProject	2219	2470
loadLogin	ConfigLogin	2476	2498
loadTranslator	ConfigTranslator	2498	2505
loadBossJewelUpgrades	ConfigBossJewels	2505	2554
loadDonation	ConfigDonation	2554	2622
